Description,status
"Apart from counting words",test
"Apart from counting words",test
"Apart from counting words",test
"Apart from counting words",test
"Apart from counting words",test
"Apart from counting words",test
"Apart from counting words",test
"Apart from counting words",test
"Apart from counting words",test
"Apart from counting words",test
"Apart from counting words",test
"Apart from counting words Apart from counting wordsApart from counting wordsApart from counting wordsApart from counting wordsApart from counting wordsApart from counting wordsApart from counting wordsApart from counting wordsApart from counting wordsApart from counting wordsApart from counting wordsApart from counting words
Apart from counting wordsApart from counting wordsApart from counting wordsApart from counting wordsApart from counting wordsApart from counting wordsApart from counting wordsApart from counting wordsApart from counting wordsApart from counting wordsApart from counting wordsApart from counting wordsApart from counting words Ap
art from counting wordsApart from counting words Apart from counting words Apart from counting wordsApart from counting wordsApart from counting wordsApart from counting wordsApart from counting wordsApart from counting words Apart from counting wordsApart from counting wordsApart from counting wordsApart from counting wordsAp
Apart from counting wordsApart from counting wordsApart from counting wordsApart from counting wordsApart from counting wordsApart from counting wordsApart from counting wordsApart from counting wordsApart from counting wordsApart from counting wordsApart from counting wordsApart from counting wordsApart from counting words Ap
art from counting wordsApart from counting words Apart from counting words Apart from counting wordsApart from counting wordsApart from counting wordsApart from counting wordsApart from counting wordsApart from counting words Apart from counting wordsApart from counting wordsApart from counting wordsApart from counting wordsAp
art from counting wordsApart from counting words Apart from counting words Apart from counting wordsApart from counting wordsApart from counting wordsApart from counting wordsApart from counting wordsApart from counting words Apart from counting wordsApart from counting wordsApart from counting wordsApart from counting wordsAp
Apart from counting wordsApart from counting wordsApart from counting wordsApart from counting wordsApart from counting wordsApart from counting wordsApart from counting wordsApart from counting wordsApart from counting wordsApart from counting wordsApart from counting wordsApart from counting wordsApart from counting words Ap
art from counting wordsApart from counting words Apart from counting words Apart from counting wordsApart from counting wordsApart from counting wordsApart from counting wordsApart from counting wordsApart from counting words Apart from counting wordsApart from counting wordsApart from counting wordsApart from counting wordsAp
Apart from counting words Apart from counting wordsApart from counting wordsApart from counting wordsApart from counting wordsApart from counting words art from counting words",test