numberOfLikes,numberOfShares,hidden,shareUrl,isShadowPost,canEdit,partnerId,clientId,sourceId,accountId,sourceType,snType,snMsgId,messageType,messageSubType,universalMessageId,permalink,message,actualText,textEntities,highLightEntities,senderProfile,receiverProfile,mentionedProfiles,isSenderFollower,createdTime,modifiedTime,snCreatedTime,snCreatedTimeYearMonth,snModifiedTime,snStats,mediaList,geoTarget,workflowProperties,location,language,conversationId,parentMsgType,deleted,archived,brandPost,parentBrandPost,hasBrandComment,hasBrandResponded,hasScheduledComment,hasParentPost,hasApplicationConversation,rootUniversalMessageId,isMentionOnExternalSource,isSharedPost,hasConversation,topicIds,sFCaseCreationEnabled,canCreateSFCase,sFTaskCreationEnabled,canCreateSFTask,accountType,dataSource,isBrandInitiatedConversation,additionalInformation,hasChildren,userActions,detectedSurveyMessage,sourceInfos,influencerScore,apiStatus,like,fanLike,businessAccountMessage,mediaIdOnFacebook,numberOfComments,caseCount,associatedCases,hasThreadControl,isPrimaryReceiver,isSecondaryReceiver,threadKey,postId,campaignId,campaignClientId,clientAndCampaignId,isAutoImported,audienceTargets,status,commentable,parentSnMsgId,parentSnCreatedTimeYearMonth,postAuthorId,brandResponseByUser,receivers,likeFlag,hasBrandReply,hasCommentReply,canRemove,canHide,canComment,canReplyOnComment,canReplyPrivately,isReview,ageGated,groupMsg,pMThreadId,lastRespondedMsgType,numOfWorkFlowComments,hasWorkFlowComment,publicationInfo,domain,originalPermalink,title,urlEntities,videoId,reviewerUrl,itemName,itemUrl,itemRating,maxRating,normalized,maxNormalized,supportsComment,unpublished,privateReplyConversationId,isSuggestedPending,isDeleteAllowed,markedImportant,actualMessageId,brandedContent
4,1,FALSE,https://www.facebook.com/7050739895/posts/10160991387219896/,FALSE,FALSE,1,1,473041,473041,ACCOUNT,FACEBOOK,7050739895_10160991387219896,15,80,FACEBOOK_15_7050739895_10160991387219896,https://www.facebook.com/7050739895/posts/10160991387219896/,"At times it feels like Rihanna has done everything, but 2020 allowed the beauty mogul, fashion designer, musician, and actress to tackle a new challenge: relaxation. Here, the star talks working from homeâ€”and SavageXFenty's epic new show.","At times it feels like Rihanna has done everything, but 2020 allowed the beauty mogul, fashion designer, musician, and actress to tackle a new challenge: relaxation. Here, the star talks working from homeâ€”and SavageXFenty&#39;s epic new show.","{'message': [{'indices': [23, 30], 'screenName': 'Rihanna', 'snUserId': '10092511675', 'copiableEntity': False, 'striked': False}, {'indices': [209, 221], 'screenName': 'SavageXFenty', 'snUserId': '2009466829272479', 'copiableEntity': False, 'striked': False}]}",{},"{'snType': 'FACEBOOK', 'age': 0, 'snId': '7050739895', 'name': 'Vogue Runway', 'firstName': 'Vogue', 'lastName': 'Runway', 'screenName': 'Vogue Runway', 'subType': 'PAGE', 'following': 0, 'followers': 0, 'favCount': 0, 'statusCount': 0, 'permalink': 'https://www.facebook.com/7050739895', 'createdTime': '0', 'profileImgUrl': 'https://scontent-lga3-1.xx.fbcdn.net/v/t1.0-1/cp0/p50x50/12049154_10154338511439896_7144684562553438472_n.jpg?_nc_cat=111&_nc_sid=dbb9e7&_nc_ohc=3aqnjiSHR8IAX8JiaUT&_nc_oc=AQlzgdhpIujpCfGUaoQPaKYcKneynlywXEr1KGBI6OpDDLO7q0cJQEfWZc83O_a-vzA&_nc_ht=scontent-lga3-1.xx&_nc_tp=27&oh=57d0812bac8ec4c78a8d013873701489&oe=5F9F046F', 'verified': True, 'profileWorkflowProperties': {'tags': [], 'comments': [], 'notifyUserIds': [], 'partnerProfileLists': [], 'clientProfileLists': [], 'partnerCustomProperties': {'5f2c08fa8551567d14413cc0': ['No']}, 'clientCustomProperties': {}, 'spaceCustomProperties': {}, 'userCustomProperties': {}, 'clientTags': []}, 'universalProfileId': '5f74c22fa0a39913e859d0f5', 'participationIndex': 0.0, 'influencerIndex': 0.0, 'spamIndex': 0.0, 'accountsFollowedByUser': [], 'accountsFollowingUser': [], 'accountsUnFollowingUser': [], 'accountsUnFollowedByUser': [], 'accountsBlockingUser': [], 'accountsSuspendingUser': [], 'accountsDeactivatingUser': [], 'profileTags': [], 'externalId': '7050739895', 'accountSpecificInfos': [{'accountId': 513041, 'externalId': '7050739895'}], 'accountSpecificInfoMap': {'513041': {'accountId': 513041, 'externalId': '7050739895'}}, 'additional': {}}","{'snType': 'FACEBOOK', 'age': 0, 'snId': '2009466829272479', 'name': 'SavageXFenty', 'firstName': 'SavageXFenty', 'screenName': 'SavageXFenty', 'subType': 'PAGE', 'following': 0, 'followers': 469730, 'favCount': 0, 'statusCount': 0, 'permalink': 'https://www.facebook.com/2009466829272479', 'createdTime': '1603142921170', 'profileImgUrl': 'https://scontent-iad3-1.xx.fbcdn.net/v/t1.0-1/cp0/p50x50/122023100_2773024316250056_4696994409249848121_o.jpg?_nc_cat=1&ccb=2&_nc_sid=dbb9e7&_nc_ohc=CcHcLM4lXsIAX9Yxc6_&_nc_ht=scontent-iad3-1.xx&_nc_tp=27&oh=33c9d2d3159b837496e46052fc9c52ea&oe=5FB747C9', 'verified': True, 'profileWorkflowProperties': {'comments': [], 'notifyUserIds': [], 'partnerProfileLists': [], 'clientProfileLists': [], 'partnerCustomProperties': {}, 'clientCustomProperties': {}, 'spaceCustomProperties': {}, 'userCustomProperties': {}, 'clientTags': []}, 'universalProfileId': '5f3af88dfbc3f676c6c00652', 'participationIndex': 0.0, 'influencerIndex': 9.0, 'spamIndex': 0.0, 'accountsFollowedByUser': [], 'accountsFollowingUser': [], 'accountsUnFollowingUser': [], 'accountsUnFollowedByUser': [], 'accountsBlockingUser': [], 'accountsSuspendingUser': [], 'accountsDeactivatingUser': [], 'externalId': '2009466829272479', 'accountSpecificInfos': [{'accountId': 513041, 'externalId': '2009466829272479'}], 'accountSpecificInfoMap': {'513041': {'accountId': 513041, 'externalId': '2009466829272479'}}, 'additional': {'LST_INFLUENCER_SCORE_UPDATED': ['1597710737310']}}","[{'snType': 'FACEBOOK', 'age': 0, 'snId': '10092511675', 'name': 'Rihanna', 'screenName': 'Rihanna', 'following': 0, 'followers': 0, 'favCount': 0, 'statusCount': 0, 'profileImgUrl': 'https://scontent-iad3-1.xx.fbcdn.net/v/t1.0-1/p100x100/61142451_10156331991751676_6184139322917126144_n.jpg?_nc_cat=1&_nc_sid=dbb9e7&_nc_ohc=Cuc0NouKRbIAX9qq51q&_nc_oc=AQnmNQt7RzaZmbU9nmalCxKoVvN7cvCh_qCPcacFdD_vdY9_e1wiDpmVGJoqI0380DU&_nc_ht=scontent-iad3-1.xx&tp=6&oh=e674dcd50eb58c9e1233c4b3e857f87c&oe=5F9D1AE1', 'profileWorkflowProperties': {'tags': [], 'comments': [], 'notifyUserIds': [], 'partnerProfileLists': [], 'clientProfileLists': [], 'partnerCustomProperties': {}, 'clientCustomProperties': {}, 'spaceCustomProperties': {}, 'userCustomProperties': {}, 'clientTags': []}, 'participationIndex': 0.0, 'influencerIndex': 0.0, 'spamIndex': 0.0, 'accountsFollowedByUser': [], 'accountsFollowingUser': [], 'accountsUnFollowingUser': [], 'accountsUnFollowedByUser': [], 'accountsBlockingUser': [], 'accountsSuspendingUser': [], 'accountsDeactivatingUser': []}, {'snType': 'FACEBOOK', 'age': 0, 'snId': '2009466829272479', 'name': 'SavageXFenty', 'screenName': 'SavageXFenty', 'following': 0, 'followers': 0, 'favCount': 0, 'statusCount': 0, 'profileImgUrl': 'https://scontent-iad3-1.xx.fbcdn.net/v/t1.0-1/cp0/p50x50/122023100_2773024316250056_4696994409249848121_o.jpg?_nc_cat=1&_nc_sid=dbb9e7&_nc_ohc=CcHcLM4lXsIAX_8ktN5&_nc_ht=scontent-iad3-1.xx&_nc_tp=27&oh=39f1879dcee9f22cf5c86985440c20ca&oe=5FB747C9', 'profileWorkflowProperties': {'tags': [], 'comments': [], 'notifyUserIds': [], 'partnerProfileLists': [], 'clientProfileLists': [], 'partnerCustomProperties': {}, 'clientCustomProperties': {}, 'spaceCustomProperties': {}, 'userCustomProperties': {}, 'clientTags': []}, 'participationIndex': 0.0, 'influencerIndex': 0.0, 'spamIndex': 0.0, 'isBrandProfile': True, 'accountsFollowedByUser': [], 'accountsFollowingUser': [], 'accountsUnFollowingUser': [], 'accountsUnFollowedByUser': [], 'accountsBlockingUser': [], 'accountsSuspendingUser': [], 'accountsDeactivatingUser': []}]",FALSE,1.60328E+12,1.60328E+12,1.60328E+12,2020_10,1.60328E+12,"{'nEFR': 0, 'reC': 0, 'erEng': 7, 'nF': 0, 'conLen': 238, 'nL': 4, 'nL_a_t': 1603381662498, 'fC': 0, 'nS': 1, 'nLove': 2}","[{'type': 'LINK', 'name': 'Rihanna on Working From Home, Dressing for Zoom, and Savage x Fentyâ€™s Epic New Show', 'description': 'The superstar has kept busy during lockdown, creating an immersive fashion experience from the comfort of her couch.', 'picture': 'https://prod-media-proxy.sprinklr.com/channel/data/media/1719/d97c9d49-1fdf-4f2b-9cdc-cbe61e3ddb92.jpg?token=SPRC_V0_BAcbqMkE3%2BQZaRH%2FKyJF4adozjIWMnZaFV426Bli32tRcInMSpTzMHPY7LaKZzkGx7TBQ7R3khzDFwLaNscDnP6uRYon%2Fq9a4a92CT6Aydcsb2D33LXxP16NF0SEyQqQOfjnrjXreqZU5NF4SGudx%2F6ixYkztJXmAgdifXrRaBU8sfIWmWATMvl6LelhSFlW1jvvmYF7J%2B0nB3R1FkzD5S32fivyPV78fL6kyG1AeKQgVotR7jOxCGB7A4czcgOOhpK3Z0sZ8rH%2Fzp8gW7aXAyHbyvq%2BZnSayjcvKzc6J5hE2BuxArsfa1tdd7Xqmt0PqwmewS1s2VddsfgyduvVOuMHYTUT8IH%2FuT%2BTjMbEq0nX%2FbgEj0vrBV7knQwiVIHInI8v%2FHZKfvIO7VXP9ToNmnoUCqsrIFY7CGLpdiKqyvJnk%2BFwPOLZ6W0lFfadb%2F9TMB5FP70N19KXbwiQ6GZDMq10c6r4S0XrkEwnWE3etYuCMWaJ1jeY1wOX1qXz%2BghsyUQ8UdclZuo3GYttmL2uZjdcvkFL87KhVuceWpI6JXLVKXW891My8r4b%2FK6A6cJ7JbW03L7YHBlojfOS8WNCpxrbNB0%2BPzjSZpNXY1kyVrqcPhegvSaFxUZBQ%2BCQu%2BEsnfpvDmhtZZz4uMT5z7ANRlPtAjFbIzCKgpYCGifct%2FmGmpjDFuiKrD3qsqYx4uxI5EKs0mitGz0CeRk%2FUl4MLy7HvZHTong8HQsNavhmsfGuhkb1X6OTsmgl9cMcFahZ', 'source': 'http://vogue.cm/ZvqXhyU'}]",{'countries': ['Global']},"{'sentiment': 0, 'status': 'New', 'isSpam': False, 'isProfane': False, 'engageable': False, 'messageCategory': 'Others', 'tags': [], 'partnerQueues': [{'queueId': 100033, 'queueAssignedTime': 1603279815140}, {'queueId': 100000, 'queueAssignedTime': 1603279643972}, {'queueId': 100004, 'queueAssignedTime': 1603279643972}, {'queueId': 100029, 'queueAssignedTime': 1603279815140}], 'contentLists': [], 'partnerCustomProperties': {'5f47ea905a6bbf3fc1a2e5da': ['No'], '5f3a58242c087f2145df9523': ['None'], '5f2c08fa8551567d14413cd9': ['Yes'], '5f3a59af2c087f2145dfda29': ['General'], '5f3b5e6a2c087f214515814a': ['Non-Engageable'], '5f2c08fa8551567d14413c95': ['Facebook'], '5f2c08fa8551567d14413cfc': ['Social'], '5f2c08fa8551567d14413cf0': ['Public'], '5f2c08f98551567d14413c26': ['Global'], '5f3b5df82c087f2145157679': ['None'], '5f2c08fa8551567d14413ca4': ['English'], '5f2c08f98551567d14413a37': ['SavageXFenty'], '5f2c08f98551567d14413c02': ['Global'], '5f2c08fa8551567d14413cb1': ['No'], '5f2c08fa8551567d14413cc0': ['No']}, 'processingUserDetailsList': [], 'read': False}","{'text': 'Unknown', 'lat': 0.0, 'lon': 0.0, 'additional': {'code': 'UN'}}",en,7050739895_10160991387219896,0,FALSE,FALSE,FALSE,FALSE,FALSE,FALSE,FALSE,FALSE,FALSE,FACEBOOK_15_7050739895_10160991387219896,TRUE,FALSE,FALSE,[],TRUE,TRUE,TRUE,FALSE,FBPAGE,sa,FALSE,"{'mEI': {'eng': False, 'mC': 'Others'}}",FALSE,[],FALSE,"[{'sourceId': 513041, 'sourceType': 'ACCOUNT', 'sourceTypeAndId': 'ACCOUNT_513041'}]",,,,,,,,,,,,,,,,,,,,,,,,,,,,,,,,,,,,,,,,,,,,,,,,,,,,,,,,,,,,,,
,,,,,,1,1,546667,546667,ACCOUNT,TWITTER,1.31888E+18,4,46,TWITTER_4_1318876140828839936,https://twitter.com/x_tcx/status/1318876140828839936,,,,,"{'snType': 'TWITTER', 'age': -1, 'snId': '748813111344242688', 'firstName': 'TEE', 'lastName': 'ðŸ‡¯ðŸ‡²ðŸ¦‹ðŸ‡¯ðŸ‡²', 'subType': '', 'following': -1, 'followers': -1, 'favCount': -1, 'statusCount': -1, 'permalink': 'https://twitter.com/x_tcx', 'profileImgUrl': 'https://pbs.twimg.com/profile_images/1274359774403088386/I8omXOFU_normal.jpg', 'profileWorkflowProperties': {'tags': [], 'comments': [], 'notifyUserIds': [], 'partnerProfileLists': [], 'clientProfileLists': [], 'partnerCustomProperties': {'5f2c08fa8551567d14413cc0': ['No']}, 'clientCustomProperties': {}, 'spaceCustomProperties': {}, 'userCustomProperties': {}, 'clientTags': []}, 'universalProfileId': '5f901ac85673f57f764641d1', 'participationIndex': 0.0, 'influencerIndex': 63.0, 'spamIndex': 0.0, 'accountsBlockingUser': [], 'accountsSuspendingUser': [], 'accountsDeactivatingUser': [], 'profileTags': [], 'urlEntities': {'bio': [{'url': '', 'display_url': '', 'expanded_url': ''}]}, 'textEntities': {'bio': [{'indices': [0, 0], 'url': '', 'copiableEntity': False, 'striked': False}]}, 'accountSpecificInfoMap': {}, 'additional': {'LST_INFLUENCER_SCORE_UPDATED': ['1603279616207']}}",,,FALSE,1.60328E+12,1.60328E+12,1.60328E+12,2020_10,1.60328E+12,,[],{'countries': ['Global']},"{'sentiment': 0, 'status': 'New', 'isSpam': False, 'isProfane': False, 'engageable': True, 'messageCategory': 'Complaint', 'tags': [], 'partnerQueues': [{'queueId': 100000, 'queueAssignedTime': 1603279562523}, {'queueId': 100032, 'queueAssignedTime': 1603279814973}, {'queueId': 100026, 'queueAssignedTime': 1603279970493}, {'queueId': 100029, 'queueAssignedTime': 1603279814973}], 'contentLists': [], 'partnerCustomProperties': {'5f47ea905a6bbf3fc1a2e5da': ['No'], '5f3a58242c087f2145df9523': ['None'], '5f2c13830781ea3d3ba3b463': ['Yes'], '5f2c08fa8551567d14413cd9': ['Yes'], '5f3a59af2c087f2145dfda29': ['Complaint'], '5f3b5e6a2c087f214515814a': ['Engageable'], 'spr_im_predicted_csat_rating': ['49'], '5f2c08fa8551567d14413c95': ['Twitter'], '5f2c08fa8551567d14413cfc': ['Social'], '5f2c08fa8551567d14413cf0': ['Public'], 'spr_uc_priority': ['Very High'], '5f2c08f98551567d14413c26': ['Global'], '5f3b5df82c087f2145157679': ['None'], '5f2c08fa8551567d14413ca4': ['English'], '5f2c08f98551567d14413a37': ['SavageXFenty'], '5f2c08f98551567d14413c02': ['Global'], '5f2c08fa8551567d14413cb1': ['No'], '5f2c08fa8551567d14413cc0': ['No']}, 'processingUserDetailsList': [], 'priorityRank': 25, 'read': False}",,en,,0,FALSE,FALSE,FALSE,FALSE,FALSE,FALSE,FALSE,FALSE,FALSE,TWITTER_4_1318876140828839936,,FALSE,FALSE,['5f88979ddf71242eed82dc04'],,,,,TWITTER,sa,FALSE,"{'mEI': {'eng': True, 'mC': 'Complaint'}}",FALSE,[],FALSE,"[{'sourceId': 586667, 'sourceType': 'ACCOUNT', 'sourceTypeAndId': 'ACCOUNT_586667'}]",63,Removed fields because of resyndication policy,,,,,,,,,,,,,,,,,,,,,,,,,,,,,,,,,,,,,,,,,,,,,,,,,,,,,,,,,,,,
,,,,,,1,1,473060,473060,ACCOUNT,INSTAGRAM,1.78784E+16,311,247,INSTAGRAM_311_17878411624866745,https://www.instagram.com/p/CGmpRBYhyhq/,"Autumn ðŸŽƒin the tropics! #Ã«thnika
#fall #fallootd #ootd #maxidress #ybabes #moda #estilo #atuendo #fashion #style #justfab #boho #bohostyle",,"{'message': [{'indices': [25, 33], 'hashtag': 'Ã«thnika', 'copiableEntity': False, 'striked': False}, {'indices': [35, 40], 'hashtag': 'fall', 'copiableEntity': False, 'striked': False}, {'indices': [41, 50], 'hashtag': 'fallootd', 'copiableEntity': False, 'striked': False}, {'indices': [51, 56], 'hashtag': 'ootd', 'copiableEntity': False, 'striked': False}, {'indices': [57, 67], 'hashtag': 'maxidress', 'copiableEntity': False, 'striked': False}, {'indices': [68, 75], 'hashtag': 'ybabes', 'copiableEntity': False, 'striked': False}, {'indices': [76, 81], 'hashtag': 'moda', 'copiableEntity': False, 'striked': False}, {'indices': [82, 89], 'hashtag': 'estilo', 'copiableEntity': False, 'striked': False}, {'indices': [90, 98], 'hashtag': 'atuendo', 'copiableEntity': False, 'striked': False}, {'indices': [99, 107], 'hashtag': 'fashion', 'copiableEntity': False, 'striked': False}, {'indices': [108, 114], 'hashtag': 'style', 'copiableEntity': False, 'striked': False}, {'indices': [115, 123], 'hashtag': 'justfab', 'copiableEntity': False, 'striked': False}, {'indices': [124, 129], 'hashtag': 'boho', 'copiableEntity': False, 'striked': False}, {'indices': [130, 140], 'hashtag': 'bohostyle', 'copiableEntity': False, 'striked': False}]}",{},"{'snType': 'INSTAGRAM', 'age': 0, 'snId': '3719769894724175', 'firstName': 'yadurne', 'screenName': 'yadurne', 'subType': '', 'following': 0, 'followers': 0, 'favCount': 0, 'statusCount': 0, 'permalink': 'https://instagram.com/yadurne', 'createdTime': '0', 'profileWorkflowProperties': {'tags': [], 'comments': [], 'notifyUserIds': [], 'partnerProfileLists': [], 'clientProfileLists': [], 'partnerCustomProperties': {'5f2c08fa8551567d14413cc0': ['No']}, 'clientCustomProperties': {}, 'spaceCustomProperties': {}, 'userCustomProperties': {}, 'clientTags': []}, 'universalProfileId': '5f8594d0e901796d50a4c74e', 'participationIndex': 0.0, 'influencerIndex': 0.0, 'spamIndex': 0.0, 'accountsFollowedByUser': [], 'accountsFollowingUser': [], 'accountsUnFollowingUser': [], 'accountsUnFollowedByUser': [], 'accountsBlockingUser': [], 'accountsSuspendingUser': [], 'accountsDeactivatingUser': [], 'profileTags': [], 'accountSpecificInfos': [{'accountId': 513058, 'profilePMThreadId': 'aWdfZAG06MTpJR01lc3NhZA2VUaHJlYWQ6MTc4NDE0MDE4OTcxNzAxMjQ6MzQwMjgyMzY2ODQxNzEwMzAwOTQ5MTI4MTMwMzQ2ODE1MzIyNzI0'}], 'accountSpecificInfoMap': {'513058': {'accountId': 513058, 'profilePMThreadId': 'aWdfZAG06MTpJR01lc3NhZA2VUaHJlYWQ6MTc4NDE0MDE4OTcxNzAxMjQ6MzQwMjgyMzY2ODQxNzEwMzAwOTQ5MTI4MTMwMzQ2ODE1MzIyNzI0'}}, 'additional': {'pT': ['COMPLETE']}}","{'snType': 'INSTAGRAM', 'age': 0, 'snId': '22138590', 'name': 'JustFab', 'firstName': 'JustFab', 'screenName': 'justfabonline', 'subType': '', 'following': 85, 'followers': 746617, 'favCount': 0, 'statusCount': 3994, 'permalink': 'https://www.instagram.com/justfabonline', 'createdTime': '1525305141023', 'profileImgUrl': 'https://s3.amazonaws.com/spr-uploads-prod/1719/ACCOUNT/IMAGE/A50F5EC70393AF8A13FECD5553BEACA5', 'verified': False, 'profileWorkflowProperties': {'tags': [], 'comments': [], 'notifyUserIds': [], 'partnerProfileLists': [], 'clientProfileLists': [], 'partnerCustomProperties': {'5f2c08fa8551567d14413cc0': ['No']}, 'clientCustomProperties': {}, 'spaceCustomProperties': {}, 'userCustomProperties': {}, 'clientTags': []}, 'universalProfileId': '5f3b00d49e33d50b395e5f15', 'participationIndex': 0.0, 'influencerIndex': 48.0, 'spamIndex': 0.0, 'accountsFollowedByUser': [], 'accountsFollowingUser': [], 'accountsUnFollowingUser': [], 'accountsUnFollowedByUser': [], 'accountsBlockingUser': [], 'accountsSuspendingUser': [], 'accountsDeactivatingUser': [], 'profileTags': [], 'accountSpecificInfoMap': {}, 'additional': {'pT': ['BASIC'], 'LST_INFLUENCER_SCORE_UPDATED': ['1600778348976']}}",,FALSE,1.60328E+12,1.60328E+12,1.60328E+12,2020_10,1.60328E+12,"{'nEFR': 0, 'reC': 0, 'erEng': 0, 'nF': 0, 'conLen': 140, 'nAC': 1}","[{'type': 'PHOTO', 'picture': 'https://scontent-iad3-1.cdninstagram.com/v/t51.29350-15/122123541_405918377467650_7431356046995984431_n.jpg?_nc_cat=102&_nc_sid=8ae9d6&_nc_ohc=4ZF63ggPTRYAX9QMlgn&_nc_ht=scontent-iad3-1.cdninstagram.com&oh=9ef3fa55b467a0f170aaf6ac7bf3fd63&oe=5FB3CD5A', 'source': 'https://scontent-iad3-1.cdninstagram.com/v/t51.29350-15/122123541_405918377467650_7431356046995984431_n.jpg?_nc_cat=102&_nc_sid=8ae9d6&_nc_ohc=4ZF63ggPTRYAX9QMlgn&_nc_ht=scontent-iad3-1.cdninstagram.com&oh=9ef3fa55b467a0f170aaf6ac7bf3fd63&oe=5FB3CD5A'}]",{'countries': ['']},"{'sentiment': 0, 'isSpam': False, 'isProfane': False, 'engageable': False, 'messageCategory': 'Others', 'tags': [], 'partnerQueues': [{'queueId': 100026, 'queueAssignedTime': 1603280277438}], 'contentLists': [], 'partnerCustomProperties': {'5f2c08fa8551567d14413cf0': ['Public'], '5f2c13830781ea3d3ba3b463': ['Yes'], '5f2c08fa8551567d14413cd9': ['No'], '5f2c08fa8551567d14413ca4': ['English'], '5f3b5e6a2c087f214515814a': ['Not-Supported'], 'spr_im_predicted_csat_rating': ['53'], '5f2c08fa8551567d14413c95': ['Instagram'], '5f2c08fa8551567d14413cc0': ['No'], '5f2c08fa8551567d14413cfc': ['Social']}, 'processingUserDetailsList': [], 'read': False}","{'text': 'Unknown', 'lat': 0.0, 'lon': 0.0, 'additional': {'code': 'UN'}}",en,1.78784E+16,0,FALSE,FALSE,FALSE,FALSE,FALSE,FALSE,FALSE,FALSE,FALSE,INSTAGRAM_311_17878411624866745,,FALSE,FALSE,[],,,,,INSTAGRAM,sa,FALSE,"{'mEI': {'eng': False, 'mC': 'Others'}}",FALSE,[],FALSE,"[{'sourceId': 513060, 'sourceType': 'ACCOUNT', 'sourceTypeAndId': 'ACCOUNT_513060'}]",,,FALSE,FALSE,TRUE,1.78784E+16,0,1,['3'],,,,,,,,,,,,,,,,,,,,,,,,,,,,,,,,,,,,,,,,,,,,,,,,,,,,,
,,,,,FALSE,1,1,473019,473019,ACCOUNT,FACEBOOK,m_myQgIjxBDp-hCqlExGJ-pnCC-ta0jmZ0FDrcYoQuZMsSbIhfs5-NCdjgpkYc9tRTS1y59eamH7Z4Tgc-GD3-4Q,39,46,FACEBOOK_39_m_myQgIjxBDp-hCqlExGJ-pnCC-ta0jmZ0FDrcYoQuZMsSbIhfs5-NCdjgpkYc9tRTS1y59eamH7Z4Tgc-GD3-4Q,https://www.facebook.com/Fabletics/inbox/3785924271429583/,"Hi Jessica, this is the Fabletics automated assistant, here to help you find answers to your questions.","Hi Jessica, this is the Fabletics automated assistant, here to help you find answers to your questions.",,{},"{'snType': 'FACEBOOK', 'age': 0, 'snId': '450447194977324', 'name': 'Fabletics', 'firstName': 'Fabletics', 'screenName': 'Fabletics', 'subType': '', 'following': 0, 'followers': 3869314, 'favCount': 0, 'statusCount': 0, 'permalink': 'https://www.facebook.com/450447194977324', 'createdTime': '1600228764932', 'profileImgUrl': 'https://scontent-iad3-1.xx.fbcdn.net/v/t1.0-1/cp0/p50x50/49203668_2287008284654530_8690653744049684480_n.jpg?_nc_cat=1&_nc_sid=dbb9e7&_nc_ohc=SYaEgB7e-tkAX8o9Jrn&_nc_ht=scontent-iad3-1.xx&_nc_tp=27&oh=75ce5f2c2b3cd5fbc9b2ce9ab24102d7&oe=5FB24B9D', 'verified': True, 'profileWorkflowProperties': {'comments': [], 'notifyUserIds': [], 'partnerProfileLists': [], 'clientProfileLists': [], 'partnerCustomProperties': {}, 'clientCustomProperties': {}, 'spaceCustomProperties': {}, 'userCustomProperties': {}, 'clientTags': []}, 'universalProfileId': '5f3af818efab330a9066526d', 'participationIndex': 0.0, 'influencerIndex': 9.0, 'spamIndex': 0.0, 'accountsFollowedByUser': [], 'accountsFollowingUser': [], 'accountsUnFollowingUser': [], 'accountsUnFollowedByUser': [], 'accountsBlockingUser': [], 'accountsSuspendingUser': [], 'accountsDeactivatingUser': [], 'externalId': '450447194977324', 'accountSpecificInfos': [{'accountId': 513019, 'externalId': '450447194977324'}], 'accountSpecificInfoMap': {'513019': {'accountId': 513019, 'externalId': '450447194977324'}}, 'additional': {'LST_INFLUENCER_SCORE_UPDATED': ['1597703690082']}}","{'snType': 'FACEBOOK', 'age': 0, 'snId': '3004868596258966', 'name': 'Jessica Kapsch', 'firstName': 'Jessica', 'lastName': 'Kapsch', 'screenName': 'Jessica Kapsch', 'subType': 'USER', 'following': 0, 'followers': 0, 'favCount': 0, 'statusCount': 0, 'createdTime': '0', 'profileImgUrl': 'https://platform-lookaside.fbsbx.com/platform/profilepic/?psid=3004868596258966&height=50&width=50&ext=1605871529&hash=AeRC8g6GQVE-19DAHB8', 'profileWorkflowProperties': {'tags': [], 'comments': [], 'notifyUserIds': [], 'partnerProfileLists': [], 'clientProfileLists': [], 'partnerCustomProperties': {'5f2c08fa8551567d14413cc0': ['No'], '5f3c39ff6329316be3564336': ['Agent']}, 'clientCustomProperties': {}, 'spaceCustomProperties': {}, 'userCustomProperties': {}, 'clientTags': []}, 'universalProfileId': '5f901aa913b1774ecd0799f1', 'participationIndex': 0.0, 'influencerIndex': 0.0, 'spamIndex': 0.0, 'accountsFollowedByUser': [], 'accountsFollowingUser': [], 'accountsUnFollowingUser': [], 'accountsUnFollowedByUser': [], 'accountsBlockingUser': [], 'accountsSuspendingUser': [], 'accountsDeactivatingUser': [], 'profileTags': [], 'externalId': '3004868596258966', 'accountSpecificInfos': [{'accountId': 513019, 'externalId': '3004868596258966', 'hasUserBrandResponse': True, 'lastFanEngagedTime': 1603279632000, 'profilePMThreadId': 't_1315189578817199', 'profileLastPMTime': 1603349446000, 'hasFBThreadControl': True, 'fbThreadControlUpdatedTime': 1603279582103, 'fbThreadControlTimeToIdle': 86400, 'permalink': '/Fabletics/inbox/3785924271429583/'}], 'accountSpecificInfoMap': {'513019': {'accountId': 513019, 'externalId': '3004868596258966', 'hasUserBrandResponse': True, 'lastFanEngagedTime': 1603279632000, 'profilePMThreadId': 't_1315189578817199', 'profileLastPMTime': 1603349446000, 'hasFBThreadControl': True, 'fbThreadControlUpdatedTime': 1603279582103, 'fbThreadControlTimeToIdle': 86400, 'permalink': '/Fabletics/inbox/3785924271429583/'}}, 'additional': {}}",,FALSE,1.60328E+12,1.60328E+12,1.60328E+12,2020_10,1.60328E+12,"{'nEFR': 194572, 'reC': 3869429, 'erEng': 0, 'nF': 3869429, 'conLen': 103, 'iFsC': 9}",[],{'countries': ['Global']},"{'sentiment': 0, 'isSpam': False, 'isProfane': False, 'tags': [], 'partnerQueues': [], 'contentLists': [], 'partnerCustomProperties': {'5f2c13830781ea3d3ba3b463': ['No'], '5f2c08fa8551567d14413cc0': ['No']}, 'processingUserDetailsList': [], 'read': False}","{'text': 'Unknown', 'lat': 0.0, 'lon': 0.0, 'additional': {'code': 'UN'}}",en,t_1315189578817199,0,FALSE,FALSE,TRUE,FALSE,TRUE,FALSE,FALSE,FALSE,FALSE,FACEBOOK_39_t_1315189578817199,,FALSE,TRUE,[],TRUE,TRUE,TRUE,FALSE,FBPAGE,sa,FALSE,{},FALSE,[],FALSE,[],9,,,,,,,1,['3'],TRUE,FALSE,TRUE,t_1315189578817199,3960153562,1,2,2_1,TRUE,"[{'targetOptions': {'COUNTRY': [{'key': 'global', 'label': 'Global', 'subText': '', 'parentKey': '', 'additional': {'supportsRegion': 'false', 'supportsCity': 'false'}}]}, 'placementType': 'PAGE', 'operator': 'OR'}]",read,,,,,,,,,,,,,,,,,,,,,,,,,,,,,,,,,,,,,,,,,,
,,,,,FALSE,1,1,473019,473019,ACCOUNT,FACEBOOK,m_XkkUYz14--Gg-9e5YKn_9F_R7vnisH5BB5UolVIy3JxhiFWzoa3NWVdSDvi2Jv_TBI8cvBC_Nyqmoog1co7Tww,39,46,FACEBOOK_39_m_XkkUYz14--Gg-9e5YKn_9F_R7vnisH5BB5UolVIy3JxhiFWzoa3NWVdSDvi2Jv_TBI8cvBC_Nyqmoog1co7Tww,https://www.facebook.com/Fabletics/inbox/3785923958096281/,"Hi Jerry-and Amanda, this is the Fabletics automated assistant, here to help you find answers to your questions.","Hi Jerry-and Amanda, this is the Fabletics automated assistant, here to help you find answers to your questions.",,{},"{'snType': 'FACEBOOK', 'age': 0, 'snId': '450447194977324', 'name': 'Fabletics', 'firstName': 'Fabletics', 'screenName': 'Fabletics', 'subType': '', 'following': 0, 'followers': 3869314, 'favCount': 0, 'statusCount': 0, 'permalink': 'https://www.facebook.com/450447194977324', 'createdTime': '1600228764932', 'profileImgUrl': 'https://scontent-iad3-1.xx.fbcdn.net/v/t1.0-1/cp0/p50x50/49203668_2287008284654530_8690653744049684480_n.jpg?_nc_cat=1&_nc_sid=dbb9e7&_nc_ohc=SYaEgB7e-tkAX8o9Jrn&_nc_ht=scontent-iad3-1.xx&_nc_tp=27&oh=75ce5f2c2b3cd5fbc9b2ce9ab24102d7&oe=5FB24B9D', 'verified': True, 'profileWorkflowProperties': {'comments': [], 'notifyUserIds': [], 'partnerProfileLists': [], 'clientProfileLists': [], 'partnerCustomProperties': {}, 'clientCustomProperties': {}, 'spaceCustomProperties': {}, 'userCustomProperties': {}, 'clientTags': []}, 'universalProfileId': '5f3af818efab330a9066526d', 'participationIndex': 0.0, 'influencerIndex': 9.0, 'spamIndex': 0.0, 'accountsFollowedByUser': [], 'accountsFollowingUser': [], 'accountsUnFollowingUser': [], 'accountsUnFollowedByUser': [], 'accountsBlockingUser': [], 'accountsSuspendingUser': [], 'accountsDeactivatingUser': [], 'externalId': '450447194977324', 'accountSpecificInfos': [{'accountId': 513019, 'externalId': '450447194977324'}], 'accountSpecificInfoMap': {'513019': {'accountId': 513019, 'externalId': '450447194977324'}}, 'additional': {'LST_INFLUENCER_SCORE_UPDATED': ['1597703690082']}}","{'snType': 'FACEBOOK', 'age': 0, 'snId': '3404785256256435', 'name': 'Jerry-and Amanda Perry', 'firstName': 'Jerry-and Amanda', 'lastName': 'Perry', 'screenName': 'Jerry-and Amanda Perry', 'subType': 'USER', 'following': 0, 'followers': 0, 'favCount': 0, 'statusCount': 0, 'createdTime': '0', 'profileImgUrl': 'https://platform-lookaside.fbsbx.com/platform/profilepic/?psid=3404785256256435&height=50&width=50&ext=1605871521&hash=AeQOZTrv6dyP8SrT74g', 'profileWorkflowProperties': {'tags': [], 'comments': [], 'notifyUserIds': [], 'partnerProfileLists': [], 'clientProfileLists': [], 'partnerCustomProperties': {'5f2c08fa8551567d14413cc0': ['No'], '5f3c39ff6329316be3564336': ['Agent']}, 'clientCustomProperties': {}, 'spaceCustomProperties': {}, 'userCustomProperties': {}, 'clientTags': []}, 'universalProfileId': '5f901a9f13b1774ecd079811', 'participationIndex': 0.0, 'influencerIndex': 0.0, 'spamIndex': 0.0, 'accountsFollowedByUser': [], 'accountsFollowingUser': [], 'accountsUnFollowingUser': [], 'accountsUnFollowedByUser': [], 'accountsBlockingUser': [], 'accountsSuspendingUser': [], 'accountsDeactivatingUser': [], 'profileTags': [], 'externalId': '3404785256256435', 'accountSpecificInfos': [{'accountId': 513019, 'externalId': '3404785256256435', 'hasUserBrandResponse': True, 'lastFanEngagedTime': 1603287062000, 'profilePMThreadId': 't_10158430798651999', 'profileLastPMTime': 1603350330000, 'hasFBThreadControl': True, 'fbThreadControlUpdatedTime': 1603279605326, 'fbThreadControlTimeToIdle': 86400, 'permalink': '/Fabletics/inbox/3785923958096281/'}], 'accountSpecificInfoMap': {'513019': {'accountId': 513019, 'externalId': '3404785256256435', 'hasUserBrandResponse': True, 'lastFanEngagedTime': 1603287062000, 'profilePMThreadId': 't_10158430798651999', 'profileLastPMTime': 1603350330000, 'hasFBThreadControl': True, 'fbThreadControlUpdatedTime': 1603279605326, 'fbThreadControlTimeToIdle': 86400, 'permalink': '/Fabletics/inbox/3785923958096281/'}}, 'additional': {}}",,FALSE,1.60328E+12,1.60328E+12,1.60328E+12,2020_10,1.60328E+12,"{'nEFR': 194572, 'reC': 3869429, 'erEng': 0, 'nF': 3869429, 'conLen': 112, 'iFsC': 9}",[],{'countries': ['Global']},"{'sentiment': 0, 'isSpam': False, 'isProfane': False, 'tags': [], 'partnerQueues': [], 'contentLists': [], 'partnerCustomProperties': {'5f2c13830781ea3d3ba3b463': ['No'], '5f2c08fa8551567d14413cc0': ['No']}, 'processingUserDetailsList': [], 'read': False}","{'text': 'Unknown', 'lat': 0.0, 'lon': 0.0, 'additional': {'code': 'UN'}}",en,t_10158430798651999,0,FALSE,FALSE,TRUE,FALSE,TRUE,FALSE,FALSE,FALSE,FALSE,FACEBOOK_39_t_10158430798651999,,FALSE,TRUE,[],TRUE,TRUE,TRUE,FALSE,FBPAGE,sa,FALSE,{},FALSE,[],FALSE,"[{'sourceId': 513019, 'sourceType': 'ACCOUNT', 'sourceTypeAndId': 'ACCOUNT_513019'}]",9,,,,,,,1,['3'],TRUE,FALSE,TRUE,t_10158430798651999,3960152406,1,2,2_1,TRUE,"[{'targetOptions': {'COUNTRY': [{'key': 'global', 'label': 'Global', 'subText': '', 'parentKey': '', 'additional': {'supportsRegion': 'false', 'supportsCity': 'false'}}]}, 'placementType': 'PAGE', 'operator': 'OR'}]",read,,,,,,,,,,,,,,,,,,,,,,,,,,,,,,,,,,,,,,,,,,
,,FALSE,,,,1,1,473060,473060,ACCOUNT,INSTAGRAM,1.78707E+16,37,257,INSTAGRAM_37_17870701325033806,https://www.instagram.com/p/CGiF_t5HoTz/,Love the look JustFab has great look my sister enjoys when l buy and send her a little surprise she fighting cancer right now so these little gifts  are wonderful,,,{},"{'snType': 'INSTAGRAM', 'age': 0, 'snId': 'rosadelgado0331', 'firstName': 'rosadelgado0331', 'screenName': 'rosadelgado0331', 'subType': '', 'following': 0, 'followers': 0, 'favCount': 0, 'statusCount': 0, 'permalink': 'https://instagram.com/rosadelgado0331', 'createdTime': '0', 'profileWorkflowProperties': {'tags': [], 'comments': [], 'notifyUserIds': [], 'partnerProfileLists': [], 'clientProfileLists': [], 'partnerCustomProperties': {'5f2c08fa8551567d14413cc0': ['No']}, 'clientCustomProperties': {}, 'spaceCustomProperties': {}, 'userCustomProperties': {}, 'clientTags': []}, 'universalProfileId': '5f901a9a3bac4d034bd2f71c', 'participationIndex': 0.0, 'influencerIndex': 0.0, 'spamIndex': 0.0, 'accountsFollowedByUser': [], 'accountsFollowingUser': [], 'accountsUnFollowingUser': [], 'accountsUnFollowedByUser': [], 'accountsBlockingUser': [], 'accountsSuspendingUser': [], 'accountsDeactivatingUser': [], 'profileTags': [], 'accountSpecificInfoMap': {}, 'additional': {'pT': ['COMPLETE']}}","{'snType': 'INSTAGRAM', 'age': 0, 'snId': '22138590', 'name': 'JustFab', 'firstName': 'JustFab', 'screenName': 'justfabonline', 'subType': '', 'following': 85, 'followers': 746617, 'favCount': 0, 'statusCount': 3994, 'permalink': 'https://www.instagram.com/justfabonline', 'createdTime': '1525305141023', 'profileImgUrl': 'https://s3.amazonaws.com/spr-uploads-prod/1719/ACCOUNT/IMAGE/A50F5EC70393AF8A13FECD5553BEACA5', 'verified': False, 'profileWorkflowProperties': {'tags': [], 'comments': [], 'notifyUserIds': [], 'partnerProfileLists': [], 'clientProfileLists': [], 'partnerCustomProperties': {'5f2c08fa8551567d14413cc0': ['No']}, 'clientCustomProperties': {}, 'spaceCustomProperties': {}, 'userCustomProperties': {}, 'clientTags': []}, 'universalProfileId': '5f3b00d49e33d50b395e5f15', 'participationIndex': 0.0, 'influencerIndex': 48.0, 'spamIndex': 0.0, 'accountsFollowedByUser': [], 'accountsFollowingUser': [], 'accountsUnFollowingUser': [], 'accountsUnFollowedByUser': [], 'accountsBlockingUser': [], 'accountsSuspendingUser': [], 'accountsDeactivatingUser': [], 'profileTags': [], 'accountSpecificInfoMap': {}, 'additional': {'pT': ['BASIC'], 'LST_INFLUENCER_SCORE_UPDATED': ['1600778348976']}}",,FALSE,1.60328E+12,1.60328E+12,1.60328E+12,2020_10,1.60328E+12,"{'nEFR': 0, 'reC': 0, 'erEng': 0, 'nF': 0, 'conLen': 162}",[],{'countries': ['']},"{'sentiment': 2, 'status': 'New', 'isSpam': False, 'isProfane': False, 'engageable': False, 'messageCategory': 'Others', 'tags': [], 'partnerQueues': [{'queueId': 100033, 'queueAssignedTime': 1603279814779}, {'queueId': 100000, 'queueAssignedTime': 1603279514633}, {'queueId': 100004, 'queueAssignedTime': 1603279514633}, {'queueId': 100029, 'queueAssignedTime': 1603279814779}], 'contentLists': [], 'partnerCustomProperties': {'5f47ea905a6bbf3fc1a2e5da': ['No'], '5f3a58242c087f2145df9523': ['None'], '5f2c08fa8551567d14413cd9': ['Yes'], '5f3a59af2c087f2145dfda29': ['General'], '5f3b5e6a2c087f214515814a': ['Non-Engageable'], '5f2c08fa8551567d14413c95': ['Instagram'], '5f2c08fa8551567d14413cfc': ['Social'], '5f2c08fa8551567d14413cf0': ['Public'], '5f2c08f98551567d14413c26': ['Global'], '5f3b5df82c087f2145157679': ['None'], '5f2c08fa8551567d14413ca4': ['English'], '5f2c08f98551567d14413a37': ['JustFab'], '5f2c08f98551567d14413c02': ['Global'], '5f2c08fa8551567d14413cb1': ['No'], '5f2c08fa8551567d14413cc0': ['No']}, 'processingUserDetailsList': [], 'read': False}","{'text': 'Unknown', 'lat': 0.0, 'lon': 0.0, 'additional': {'code': 'UN'}}",en,2423525918315021555_22138590,36,FALSE,FALSE,FALSE,TRUE,FALSE,FALSE,FALSE,TRUE,FALSE,INSTAGRAM_36_2423525918315021555_22138590,,FALSE,FALSE,[],,,,,INSTAGRAM,sa,TRUE,"{'mEI': {'eng': False, 'mC': 'Others'}}",FALSE,[],FALSE,"[{'sourceId': 513060, 'sourceType': 'ACCOUNT', 'sourceTypeAndId': 'ACCOUNT_513060'}]",,,FALSE,FALSE,,,0,,,,,,,3947303164,1,2,2_1,TRUE,,,TRUE,2423525918315021555_22138590,2020_10,,,,,,,,,,,,,,,,,,,,,,,,,,,,,,,,,,,,,,,
,,,,,,1,1,546667,546667,ACCOUNT,TWITTER,1.31888E+18,8,247,TWITTER_8_1318875971261505541,https://twitter.com/Padron6Padron/status/1318875971261505541,,,,,"{'snType': 'TWITTER', 'age': -1, 'snId': '1143183339765063680', 'firstName': 'Padron', 'lastName': 'Padron', 'subType': '', 'following': -1, 'followers': -1, 'favCount': -1, 'statusCount': -1, 'permalink': 'https://twitter.com/Padron6Padron', 'profileImgUrl': 'https://pbs.twimg.com/profile_images/1313848010984558592/dTAmhBfu_normal.jpg', 'profileWorkflowProperties': {'tags': [], 'comments': [], 'notifyUserIds': [], 'partnerProfileLists': [], 'clientProfileLists': [], 'partnerCustomProperties': {'5f2c08fa8551567d14413cc0': ['No']}, 'clientCustomProperties': {}, 'spaceCustomProperties': {}, 'userCustomProperties': {}, 'clientTags': []}, 'universalProfileId': '5f7e81bc3ef6594370674d2a', 'participationIndex': 0.0, 'influencerIndex': 0.0, 'spamIndex': 0.0, 'accountsBlockingUser': [], 'accountsSuspendingUser': [], 'accountsDeactivatingUser': [], 'profileTags': [], 'urlEntities': {'bio': [{'url': '', 'display_url': '', 'expanded_url': ''}]}, 'textEntities': {'bio': [{'indices': [0, 0], 'url': '', 'copiableEntity': False, 'striked': False}]}, 'accountSpecificInfoMap': {}, 'additional': {}}",,,FALSE,1.60328E+12,1.60328E+12,1.60328E+12,2020_10,1.60328E+12,,[],{'countries': ['Global']},"{'sentiment': 0, 'isSpam': False, 'isProfane': False, 'engageable': False, 'messageCategory': 'Others', 'tags': [], 'partnerQueues': [], 'contentLists': [], 'partnerCustomProperties': {'5f2c08fa8551567d14413cf0': ['Public'], '5f2c08fa8551567d14413ca4': ['English'], '5f2c08fa8551567d14413c95': ['Twitter'], '5f2c08fa8551567d14413cd9': ['No'], '5f2c08fa8551567d14413cc0': ['No'], '5f2c08fa8551567d14413cfc': ['Social']}, 'processingUserDetailsList': [], 'read': False}",,en,,0,FALSE,FALSE,FALSE,FALSE,FALSE,FALSE,FALSE,FALSE,FALSE,TWITTER_8_1318875971261505541,,FALSE,FALSE,[],,,,,TWITTER,sa,FALSE,"{'mEI': {'eng': False, 'mC': 'Others'}}",FALSE,[],FALSE,"[{'sourceId': 586667, 'sourceType': 'ACCOUNT', 'sourceTypeAndId': 'ACCOUNT_586667'}]",60,Removed fields because of resyndication policy,,,,,,,,,,,,3956035491,1,2,2_1,TRUE,,,,,,,,,,,,,,,,,,,,,,,,,,,,,,,,,,,,,,,,,,,,
,,,,,FALSE,1,1,473051,473051,ACCOUNT,FACEBOOK,m_IKi2OeFii4-giFRQtuaog4AcgxzYEj2tjrFGK4rLWg2XC5V4Vx2K6UUPyPkPV3TKSHnuSTfsDMQPucC1mUTFHg,39,46,FACEBOOK_39_m_IKi2OeFii4-giFRQtuaog4AcgxzYEj2tjrFGK4rLWg2XC5V4Vx2K6UUPyPkPV3TKSHnuSTfsDMQPucC1mUTFHg,https://www.facebook.com/JustFabuk/inbox/3519466701442399/,"Hi Monique,

In order for me to assist you, we need to have access to your JustFab account. Unfortunately I am not able to find any recent order with emails that you provided.
My suggestion is that you can log in to your account and you can provide us from the email address and order number that you can find in order history on your profile.

-Steve","Hi Monique,

In order for me to assist you, we need to have access to your JustFab account. Unfortunately I am not able to find any recent order with emails that you provided.
My suggestion is that you can log in to your account and you can provide us from the email address and order number that you can find in order history on your profile.

-Steve",,{},"{'snType': 'FACEBOOK', 'age': 0, 'snId': '351894691532965', 'name': 'JustFab', 'firstName': 'JustFab', 'screenName': 'JustFab', 'subType': 'PAGE', 'following': 0, 'followers': 671430, 'favCount': 0, 'statusCount': 0, 'permalink': 'https://www.facebook.com/351894691532965', 'createdTime': '1599057894561', 'profileImgUrl': 'https://scontent-iad3-1.xx.fbcdn.net/v/t1.0-1/cp0/p50x50/73482830_2588744967847915_7197092709545279488_n.jpg?_nc_cat=1&ccb=2&_nc_sid=dbb9e7&_nc_ohc=ty24sncwPGsAX_OXzVs&_nc_ht=scontent-iad3-1.xx&_nc_tp=27&oh=6f4d387cd2a8c0a8a4e737fd0c18447f&oe=5FB664DC', 'verified': True, 'profileWorkflowProperties': {'tags': [], 'comments': [], 'notifyUserIds': [], 'partnerProfileLists': [], 'clientProfileLists': [], 'partnerCustomProperties': {'5f3c39ff6329316be3564336': ['Agent']}, 'clientCustomProperties': {}, 'spaceCustomProperties': {}, 'userCustomProperties': {}, 'clientTags': []}, 'universalProfileId': '5f3affa2f3bbb916bfd3753e', 'participationIndex': 0.0, 'influencerIndex': 9.0, 'spamIndex': 0.0, 'accountsFollowedByUser': [], 'accountsFollowingUser': [], 'accountsUnFollowingUser': [], 'accountsUnFollowedByUser': [], 'accountsBlockingUser': [], 'accountsSuspendingUser': [], 'accountsDeactivatingUser': [], 'profileTags': [], 'externalId': '351894691532965', 'accountSpecificInfos': [{'accountId': 513051, 'externalId': '351894691532965'}], 'accountSpecificInfoMap': {'513051': {'accountId': 513051, 'externalId': '351894691532965'}}, 'additional': {'LST_INFLUENCER_SCORE_UPDATED': ['1597734438101']}}","{'snType': 'FACEBOOK', 'age': 0, 'snId': '3256719267760510', 'name': 'Monique Simone', 'firstName': 'Monique', 'lastName': 'Simone', 'screenName': 'Monique Simone', 'subType': 'USER', 'following': 0, 'followers': 0, 'favCount': 0, 'statusCount': 0, 'createdTime': '0', 'profileImgUrl': 'https://platform-lookaside.fbsbx.com/platform/profilepic/?psid=3256719267760510&height=50&width=50&ext=1605734176&hash=AeT5MKR_m7lU5WtGL-I', 'profileWorkflowProperties': {'tags': [], 'comments': [], 'notifyUserIds': [], 'partnerProfileLists': [], 'clientProfileLists': [], 'partnerCustomProperties': {'5f2c08fa8551567d14413cc0': ['No'], '5f3c39ff6329316be3564336': ['Agent']}, 'clientCustomProperties': {}, 'spaceCustomProperties': {}, 'userCustomProperties': {}, 'clientTags': []}, 'universalProfileId': '5f8e0218d2c62453cba02dc8', 'participationIndex': 0.0, 'influencerIndex': 0.0, 'spamIndex': 0.0, 'accountsFollowedByUser': [], 'accountsFollowingUser': [], 'accountsUnFollowingUser': [], 'accountsUnFollowedByUser': [], 'accountsBlockingUser': [], 'accountsSuspendingUser': [], 'accountsDeactivatingUser': [], 'profileTags': [], 'externalId': '3256719267760510', 'accountSpecificInfos': [{'accountId': 513051, 'externalId': '3256719267760510', 'hasUserBrandResponse': True, 'lastFanEngagedTime': 1603286180000, 'profilePMThreadId': 't_10164002102450411', 'profileLastPMTime': 1603289807000, 'permalink': '/JustFabuk/inbox/3519466701442399/'}], 'accountSpecificInfoMap': {'513051': {'accountId': 513051, 'externalId': '3256719267760510', 'hasUserBrandResponse': True, 'lastFanEngagedTime': 1603286180000, 'profilePMThreadId': 't_10164002102450411', 'profileLastPMTime': 1603289807000, 'permalink': '/JustFabuk/inbox/3519466701442399/'}}, 'additional': {}}",,FALSE,1.60328E+12,1.60328E+12,1.60328E+12,2020_10,1.60328E+12,"{'nEFR': 34667, 'reC': 671329, 'erEng': 0, 'nF': 671329, 'conLen': 352, 'iFsC': 9}",[],{'countries': ['Global']},"{'sentiment': 0, 'isSpam': False, 'isProfane': False, 'tags': [], 'partnerQueues': [{'queueId': 100032, 'queueAssignedTime': 1603279814620}, {'queueId': 100029, 'queueAssignedTime': 1603279814620}], 'contentLists': [], 'partnerCustomProperties': {'5f3a58242c087f2145df9523': ['None'], '5f3a59af2c087f2145dfda29': ['Complaint'], '5f3b5df82c087f2145157679': ['None'], '5f3b5e6a2c087f214515814a': ['Engageable'], '5f2c08fa8551567d14413cc0': ['No']}, 'processingUserDetailsList': [], 'read': False}","{'text': 'Unknown', 'lat': 0.0, 'lon': 0.0, 'additional': {'code': 'UN'}}",en,t_10164002102450411,0,FALSE,FALSE,TRUE,FALSE,TRUE,FALSE,FALSE,FALSE,FALSE,FACEBOOK_39_t_10164002102450411,,FALSE,TRUE,[],TRUE,TRUE,TRUE,FALSE,FBPAGE,sa,FALSE,{},FALSE,[],FALSE,[],9,,,,,,,1,['3'],TRUE,FALSE,FALSE,t_10164002102450411,3960147696,2,2,2_2,FALSE,,delivered,,,,308234,308234,"[{'snId': '3256719267760510', 'imageUrl': 'https://platform-lookaside.fbsbx.com/platform/profilepic/?psid=3256719267760510&height=50&width=50&ext=1605734176&hash=AeT5MKR_m7lU5WtGL-I', 'screenName': 'Monique Simone'}]",,,,,,,,,,,,,,,,,,,,,,,,,,,,,,,,,,,,
,,,,,FALSE,1,1,473025,473025,ACCOUNT,FACEBOOK,m_tsYUoFut4Y1xntgBZ7_E8hmf1BomGMPpEfGoaImEPsU71BjM2cSD3qkyHgPc22hE8-h67ormwx_8Vd5iOSRhrQ,39,46,FACEBOOK_39_m_tsYUoFut4Y1xntgBZ7_E8hmf1BomGMPpEfGoaImEPsU71BjM2cSD3qkyHgPc22hE8-h67ormwx_8Vd5iOSRhrQ,https://www.facebook.com/JustFab.fr/inbox/3811470952196391/,"Bonjour OcÃ©ane,

Merci pour cet agrÃ©able retour! Nous sommes trÃ¨s heureux d'entendre cela.

Cordialement,
Macha, JustFab","Bonjour OcÃ©ane,

Merci pour cet agrÃ©able retour! Nous sommes trÃ¨s heureux d&#39;entendre cela.

Cordialement,
Macha, JustFab",,{},"{'snType': 'FACEBOOK', 'age': 0, 'snId': '358655084144679', 'name': 'JustFab', 'firstName': 'JustFab', 'screenName': 'JustFab', 'subType': 'PAGE', 'following': 0, 'followers': 445423, 'favCount': 0, 'statusCount': 0, 'permalink': 'https://www.facebook.com/358655084144679', 'createdTime': '1599724554158', 'profileImgUrl': 'https://scontent-iad3-1.xx.fbcdn.net/v/t1.0-1/cp0/p50x50/73495307_2900310996645729_4655137648510238720_n.jpg?_nc_cat=106&ccb=2&_nc_sid=dbb9e7&_nc_ohc=wqmueBdwMawAX_DyfK5&_nc_ht=scontent-iad3-1.xx&_nc_tp=27&oh=fd27dac6a2185a0ee2307ba7710a1cb4&oe=5FB567E0', 'verified': True, 'demographicsAdditional': {'zip': '08028', 'country': 'Spain', 'city': 'Barcelona', 'latitude': '41.388313', 'longitude': '2.1287944'}, 'profileWorkflowProperties': {'tags': [], 'comments': [], 'notifyUserIds': [], 'partnerProfileLists': [], 'clientProfileLists': [], 'partnerCustomProperties': {'5f2c08fa8551567d14413cc0': ['No']}, 'clientCustomProperties': {}, 'spaceCustomProperties': {}, 'userCustomProperties': {}, 'clientTags': []}, 'universalProfileId': '5f3af93eefab330a90666cff', 'participationIndex': 0.0, 'influencerIndex': 9.0, 'spamIndex': 0.0, 'accountsFollowedByUser': [], 'accountsFollowingUser': [], 'accountsUnFollowingUser': [], 'accountsUnFollowedByUser': [], 'accountsBlockingUser': [], 'accountsSuspendingUser': [], 'accountsDeactivatingUser': [], 'profileTags': [], 'externalId': '358655084144679', 'accountSpecificInfos': [{'accountId': 513025, 'externalId': '358655084144679'}], 'accountSpecificInfoMap': {'513025': {'accountId': 513025, 'externalId': '358655084144679'}}, 'additional': {'LST_INFLUENCER_SCORE_UPDATED': ['1597708396307']}}","{'snType': 'FACEBOOK', 'age': 0, 'snId': '3371029352945671', 'name': 'Oceane Lefebvre', 'firstName': 'Oceane', 'lastName': 'Lefebvre', 'screenName': 'Oceane Lefebvre', 'subType': 'USER', 'following': 0, 'followers': 0, 'favCount': 0, 'statusCount': 0, 'createdTime': '0', 'profileImgUrl': 'https://platform-lookaside.fbsbx.com/platform/profilepic/?psid=3371029352945671&height=50&width=50&ext=1605772034&hash=AeSzy_z6HMyfc8pFHQc', 'profileWorkflowProperties': {'tags': [], 'comments': [], 'notifyUserIds': [], 'partnerProfileLists': [], 'clientProfileLists': [], 'partnerCustomProperties': {'5f2c08fa8551567d14413cc0': ['No'], '5f3c39ff6329316be3564336': []}, 'clientCustomProperties': {}, 'spaceCustomProperties': {}, 'userCustomProperties': {}, 'clientTags': []}, 'universalProfileId': '5f8e848cecfca91c3ee07515', 'participationIndex': 0.0, 'influencerIndex': 0.0, 'spamIndex': 0.0, 'accountsFollowedByUser': [], 'accountsFollowingUser': [], 'accountsUnFollowingUser': [], 'accountsUnFollowedByUser': [], 'accountsBlockingUser': [], 'accountsSuspendingUser': [], 'accountsDeactivatingUser': [], 'profileTags': [], 'externalId': '3371029352945671', 'accountSpecificInfos': [{'accountId': 513025, 'externalId': '3371029352945671', 'hasUserBrandResponse': True, 'lastFanEngagedTime': 1603278856000, 'profilePMThreadId': 't_461767451652727', 'profileLastPMTime': 1603279417000, 'permalink': '/JustFab.fr/inbox/3811470952196391/'}], 'accountSpecificInfoMap': {'513025': {'accountId': 513025, 'externalId': '3371029352945671', 'hasUserBrandResponse': True, 'lastFanEngagedTime': 1603278856000, 'profilePMThreadId': 't_461767451652727', 'profileLastPMTime': 1603279417000, 'permalink': '/JustFab.fr/inbox/3811470952196391/'}}, 'additional': {}}",,FALSE,1.60328E+12,1.60328E+12,1.60328E+12,2020_10,1.60328E+12,"{'nEFR': 23370, 'reC': 445386, 'erEng': 0, 'nF': 445386, 'conLen': 121, 'iFsC': 9}",[],{'countries': ['Global']},"{'sentiment': 2, 'isSpam': False, 'isProfane': False, 'tags': [], 'partnerQueues': [], 'contentLists': [], 'partnerCustomProperties': {'5f3b5e6a2c087f214515814a': ['Not-Supported'], '5f2c08fa8551567d14413cc0': ['No']}, 'processingUserDetailsList': [], 'read': False}","{'text': 'Unknown', 'lat': 0.0, 'lon': 0.0, 'additional': {'code': 'UN'}}",fr,t_461767451652727,0,FALSE,FALSE,TRUE,FALSE,TRUE,FALSE,FALSE,FALSE,FALSE,FACEBOOK_39_t_461767451652727,,FALSE,TRUE,[],TRUE,TRUE,TRUE,FALSE,FBPAGE,sa,FALSE,,FALSE,[],FALSE,[],9,,,,,,,2,"['3', '5']",TRUE,FALSE,FALSE,t_461767451652727,3960140008,2,2,2_2,FALSE,,delivered,,,,304037,304037,"[{'snId': '3371029352945671', 'imageUrl': 'https://platform-lookaside.fbsbx.com/platform/profilepic/?psid=3371029352945671&height=50&width=50&ext=1605772034&hash=AeSzy_z6HMyfc8pFHQc', 'screenName': 'Oceane Lefebvre'}]",,,,,,,,,,,,,,,,,,,,,,,,,,,,,,,,,,,,
